,trial,best_scores
0,0,inf
1,1,9.306764442470985
2,2,9.306764442470985
3,3,9.306764442470985
4,4,9.306764442470985
5,5,9.306764442470985
6,6,9.306764442470985
7,7,9.306764442470985
8,8,9.306764442470985
9,9,9.306764442470985
10,10,9.306764442470985
