,trial,best_scores
0,0,inf
1,1,43.21668558547117
2,2,43.21668558547117
3,3,43.21668558547117
4,4,43.21668558547117
5,5,43.21668558547117
6,6,43.21668558547117
7,7,43.186784137767845
8,8,43.186784137767845
9,9,43.186784137767845
10,10,43.186784137767845
