,trial,best_scores
0,0,inf
1,1,47.08276795485287
2,2,47.08276795485287
3,3,47.08276795485287
4,4,47.08276795485287
5,5,44.33627399484454
6,6,44.33627399484454
7,7,44.33627399484454
8,8,44.33627399484454
9,9,44.33627399484454
10,10,44.33627399484454
