,trial,best_scores
0,0,inf
1,1,46.88786604736523
2,2,46.88786604736523
3,3,45.041311647574524
4,4,45.041311647574524
5,5,45.041311647574524
6,6,45.041311647574524
7,7,45.041311647574524
8,8,45.041311647574524
9,9,45.041311647574524
10,10,44.01882840968865
