,trial,best_scores
0,0,-inf
1,1,0.2200704572353068
2,2,0.3604363852094314
3,3,0.3604363852094314
4,4,0.3604363852094314
5,5,0.3604363852094314
6,6,0.3604363852094314
7,7,0.3604363852094314
8,8,0.392245894665481
9,9,0.392245894665481
10,10,0.392245894665481
