,trial,best_scores
0,0,-inf
1,1,0.8173104962327279
2,2,0.8173104962327279
3,3,0.8173104962327279
4,4,0.8173104962327279
5,5,0.8938102547386858
6,6,0.8938102547386858
7,7,0.8938102547386858
8,8,0.8938102547386858
9,9,0.8938102547386858
10,10,0.8938102547386858
